순위,종목,보유인원,총주수
1,삼성전자,901,1245117
2,카카오,366,36382
3,SK하이닉스,324,29662
4,NAVER,300,61589
5,현대차,263,14471
6,두산에너빌리티,259,47017
7,LG에너지솔루션,199,4458
8,삼성전자우,181,72784
9,삼성SDI,155,10350
10,POSCO홀딩스,133,8220
11,대한항공,130,54592
12,한화오션,117,13004
13,셀트리온,114,16469
14,카카오뱅크,110,7064
15,LG전자,109,14212
16,에코프로비엠,106,10007
17,삼성중공업,103,82763
18,LG화학,95,4023
19,한국전력,91,32303
20,SK이노베이션,87,6101
21,에코프로,83,19335
22,SK아이이테크놀로지,80,2482
23,LG디스플레이,76,54842
24,한화솔루션,65,11384
25,HMM,64,23986
26,SK텔레콤,64,8675
27,기아,64,6631
28,포스코퓨처엠,64,3749
29,카카오페이,64,3215
30,현대로템,63,2882
31,SK바이오사이언스,60,12007
32,알테오젠,60,3799
33,한미반도체,58,5079
34,삼성전기,58,4361
35,하이브,58,3761
36,기업은행,53,29571
37,대한전선,52,17817
38,HD현대중공업,51,1885
39,미래에셋증권,48,25443
40,LG씨엔에스,48,10879
41,두산로보틱스,48,4905
42,한화에어로스페이스,48,1435
43,KB금융,47,19121
44,한화시스템,47,5147
45,엘앤에프,46,2692
46,우리금융지주,44,29762
47,SK,44,1442
48,호텔신라,42,6404
49,삼성물산,42,5213
50,현대건설,42,5008
51,아모레퍼시픽,42,2222
52,KT&G,41,1927
53,대우건설,40,37380
54,신한지주,40,3734
55,KT,39,17212
56,하나금융지주,38,3188
57,한화비전,36,4180
58,맥쿼리인프라,35,136434
59,현대모비스,35,1626
60,HLB,34,42978
61,유한양행,34,6212
62,삼성증권,34,5293
63,삼성바이오로직스,34,597
64,한화갤러리아,33,10028
65,한국항공우주,33,3856
66,포스코홀딩스,33,967
67,레인보우로보틱스,33,861
68,롯데렌탈,33,725
69,카카오게임즈,32,7559
70,SK스퀘어,30,2428
71,삼성에스디에스,30,1689
72,HD현대일렉트릭,30,470
73,두산퓨얼셀,29,8667
74,이수페타시스,29,4011
75,씨젠,29,3932
76,LIG넥스원,29,2799
77,HD한국조선해양,29,2046
78,에이피알,29,1914
79,SK바이오팜,28,8318
80,셀트리온제약,28,5643
81,JYPEnt.,28,3753
82,LG생활건강,28,2990
83,LG이노텍,28,1391
84,대한해운,27,21744
85,아시아나항공,27,18029
86,휴림로봇,27,17420
87,금양,27,12235
88,현대차2우B,27,5509
89,삼성생명,27,5408
90,세미파이브,27,140
91,한화생명,26,100403
92,팬오션,26,31868
93,현대제철,26,6356
94,포스코인터내셔널,26,5373
95,롯데케미칼,26,1433
96,NH투자증권,25,13326
97,루닛,25,4281
98,크래프톤,25,1645
99,케이엠더블유,24,4193
100,넷마블,24,2317
101,로보티즈,24,1471
102,에이비엘바이오,24,976
103,신라젠,23,13452
104,포스코DX,23,9805
105,HD현대,23,5895
106,한국전력공사,23,5431
107,일진하이솔루스,23,3701
108,하나투어,23,3529
109,현대차우,23,3298
110,한국가스공사,23,2513
111,풍산,23,1772
112,하림,22,9157
113,SKC,22,3083
114,HL만도,22,2445
115,이마트,22,1945
116,엔씨소프트,22,766
117,현대글로비스,21,1838
118,CJ제일제당,21,853
119,신성이엔지,20,75877
120,한화엔진,20,8127
121,나노신소재,20,4436
122,CJENM,20,4137
123,GS건설,20,2829
124,두산,20,147
125,제넥신,19,56169
126,삼양식품,19,255
127,진원생명과학,18,26357
128,신풍제약,18,9645
129,우리기술,18,7819
130,LG화학우,18,1518
131,LG,18,1269
132,DL이앤씨,18,723
133,한화,18,357
134,부광약품,17,15186
135,솔루스첨단소재,17,7468
136,LS머트리얼즈,17,3857
137,하이트진로,17,3475
138,산일전기,17,2718
139,이노스페이스,17,1354
140,파미셀,16,8566
141,두산인프라코어,16,8283
142,파두,16,6508
143,LG전자우,16,6452
144,HJ중공업,16,6258
145,강원랜드,16,5750
146,LG유플러스,16,3941
147,디앤디파마텍,16,3628
148,후성,16,2770
149,코스모신소재,16,2280
150,에코프로에이치엔,16,1717
151,LS,16,921
152,LSELECTRIC,16,852
153,HK이노엔,16,156
154,금호타이어,15,392287
155,현대바이오,15,15850
156,영진약품,15,11287
157,씨에스윈드,15,3434
158,클로봇,15,1701
159,지투지바이오,15,1539
160,메리츠금융지주,15,1379
161,녹십자,15,1120
162,S-Oil,15,807
163,한미약품,15,660
164,위지윅스튜디오,14,33538
165,신성델타테크,14,8282
166,한온시스템,14,6923
167,아난티,14,2508
168,메디톡스,14,2178
169,BNK금융지주,14,1716
170,DB하이텍,14,1482
171,리노공업,14,1231
172,덱스터,14,1017
173,펩트론,14,552
174,SK네트웍스,14,414
175,대주전자재료,13,466183
176,제주반도체,13,429479
177,버킷스튜디오,13,23407
178,GS리테일,13,16061
179,삼성E&A,13,10976
180,네패스,13,7645
181,삼천당제약,13,6383
182,엔켐,13,5706
183,박셀바이오,13,2589
184,동국제강,13,2201
185,두산밥캣,13,1435
186,OCI홀딩스,13,1323
187,한솔홈데코,13,1227
188,동진쎄미켐,13,1177
189,한국콜마,13,1154
190,현대중공업,13,798
191,에코프로머티,13,686
192,금호석유화학,13,546
193,GS글로벌,13,492
194,달바글로벌,13,260
195,네이처셀,12,47635
196,코오롱티슈진,12,44969
197,비덴트,12,32489
198,CJCGV,12,22467
199,하나마이크론,12,13005
200,오스코텍,12,11709
201,제주항공,12,5831
202,롯데에너지머티리얼즈,12,3647
203,한국조선해양,12,2015
204,TCC스틸,12,1926
205,파라다이스,12,1786
206,서울옥션,12,1755
207,심텍,12,1674
208,한국금융지주,12,1474
209,아주스틸,12,1366
210,LX홀딩스,12,1250
211,GS,12,1142
212,HD현대마린엔진,12,741
213,일동제약,12,702
214,삼성SDI우,12,671
215,CJ,12,650
216,대한조선,12,504
217,더본코리아,12,357
218,효성티앤씨,12,338
219,SFA반도체,11,24486
220,삼성엔지니어링,11,15594
221,SK증권,11,9684
222,LG헬로비전,11,8107
223,원익홀딩스,11,7827
224,차바이오텍,11,4316
225,셀바스AI,11,3980
226,롯데지주,11,2977
227,한전KPS,11,2546
228,로보스타,11,1646
229,에스피지,11,1484
230,대상,11,1313
231,켐트로닉스,11,887
232,파마리서치,11,533
233,스튜디오드래곤,11,437
234,에스디바이오센서,11,323
235,고려아연,11,27
236,삼부토건,10,69607
237,EDGC,10,63417
238,한올바이오파마,10,47233
239,필옵틱스,10,15871
240,서울반도체,10,14874
241,NH투자증권우,10,11193
242,유일로보틱스,10,9571
243,한국카본,10,9144
244,펄어비스,10,5466
245,코스모화학,10,5160
246,덕성,10,3446
247,우리기술투자,10,2878
248,남선알미늄,10,2679
249,지씨셀,10,2620
250,엠씨넥스,10,2401
251,고영,10,1535
252,현대위아,10,1363
253,코오롱인더,10,932
254,현대백화점,10,902
255,천보,10,768
256,한전기술,10,741
257,실리콘투,10,705
258,종근당,10,551
259,HD현대마린솔루션,10,505
260,한솔로지스틱스,10,474
261,코스맥스,10,331
262,신세계,10,84
263,제이알글로벌리츠,9,115755
264,신한알파리츠,9,24228
265,메지온,9,11918
266,엔피,9,11639
267,광동제약,9,11135
268,컴투스,9,11044
269,하이드로리튬,9,10671
270,미래에셋증권2우B,9,9936
271,다원시스,9,6463
272,테크윙,9,5912
273,DGB금융지주,9,5766
274,위메이드,9,5663
275,알체라,9,5500
276,현대해상,9,4831
277,한국비엔씨,9,3473
278,비에이치아이,9,2609
279,리가켐바이오,9,2536
280,엔젤로보틱스,9,2394
281,필에너지,9,2030
282,더존비즈온,9,1981
283,롯데관광개발,9,1926
284,다날,9,1924
285,에스앤에스텍,9,1665
286,포스코엠텍,9,1518
287,그래디언트,9,1346
288,HDC현대산업개발,9,1284
289,DL,9,1235
290,롯데쇼핑,9,1169
291,일진다이아,9,1141
292,뷰노,9,924
293,SK케미칼,9,841
294,OCI,9,780
295,농심,9,744
296,원익IPS,9,672
297,일진전기,9,580
298,POSCO,9,505
299,두산테스나,9,447
300,올릭스,9,378
301,현대오토에버,9,359
302,신일전자,9,281
303,웅진씽크빅,9,221
304,현대건설우,9,62
305,국일제지,8,52916
306,아이에이,8,43512
307,미투온,8,25357
308,컴투스홀딩스,8,19911
309,지아이이노베이션,8,14295
310,에이스테크,8,13994
311,씨아이에스,8,10270
312,LS마린솔루션,8,8960
313,SMC&C,8,5830
314,한라캐스트,8,5823
315,나인테크,8,5314
316,제이오,8,5276
317,HLB생명과학,8,4416
318,메드팩토,8,4366
319,드림텍,8,4055
320,SK이터닉스,8,3494
321,신세계인터내셔날,8,3287
322,바이넥스,8,3106
323,성일하이텍,8,2912
324,한화투자증권,8,2881
325,쏠리드,8,2748
326,한진칼,8,2032
327,SK오션플랜트,8,1850
328,뉴로메카,8,1842
329,젬백스,8,1707
330,세진중공업,8,1592
331,현대무벡스,8,1489
332,나우로보틱스,8,1455
333,서진시스템,8,1413
334,주성엔지니어링,8,1369
335,필룩스,8,1215
336,솔트룩스,8,1129
337,삼성카드,8,1110
338,민테크,8,1033
339,진에어,8,853
340,대덕전자,8,850
341,알서포트,8,809
342,경동나비엔,8,755
343,클래시스,8,490
344,에스티팜,8,474
345,알지노믹스,8,462
346,오리온,8,448
347,넥슨게임즈,8,418
348,KG모빌리티,8,386
349,에이직랜드,8,249
350,효성중공업,8,211
351,디어유,8,196
352,삼성화재우,8,193
353,오뚜기,8,191
354,세아베스틸지주,8,130
355,시프트업,8,68
356,현대사료,7,27150
357,엑셀세라퓨틱스,7,14930
358,삼현,7,13888
359,코리안리,7,10429
360,랩지노믹스,7,9517
361,인선이엔티,7,9304
362,파인엠텍,7,7334
363,에이비프로바이오,7,3878
364,CJ씨푸드,7,3673
365,성우하이텍,7,2680
366,덕산테코피아,7,2646
367,HPSP,7,2598
368,바이오플러스,7,2162
369,가온칩스,7,2103
370,티웨이항공,7,1925
371,풀무원,7,1661
372,쿠콘,7,1657
373,코나아이,7,1631
374,NHNKCP,7,1551
375,브이티,7,1528
376,NHN,7,1438
377,제일기획,7,1264
378,이수스페셜티케미컬,7,1189
379,대원미디어,7,1171
380,금호석유,7,1112
381,마음AI,7,1036
382,참좋은여행,7,928
383,SAMG엔터,7,863
384,한일시멘트,7,696
385,케이엔알시스템,7,672
386,동국씨엠,7,621
387,한섬,7,489
388,한샘,7,476
389,와이지엔터테인먼트,7,433
390,효성화학,7,364
391,피에스케이홀딩스,7,329
392,엔알비,7,304
393,롯데정밀화학,7,276
394,피엔티,7,217
395,노타,7,183
396,넥스트칩,7,95
397,명인제약,7,62
398,탑런토탈솔루션,7,38
399,리브스메드,7,38
400,CMG제약,6,80607
401,HLB제약,6,54884
402,에이비온,6,47325
403,케이피엠테크,6,33461
404,제이앤티씨,6,28084
405,인스코비,6,20156
406,세종메디칼,6,17572
407,시스웍,6,17437
408,테라젠이텍스,6,16812
409,한컴위드,6,14979
410,미래나노텍,6,14578
411,비보존제약,6,13242
412,넵튠,6,10957
413,롯데리츠,6,10435
414,대영포장,6,9477
415,레이크머티리얼즈,6,9435
416,감성코퍼레이션,6,9047
417,중앙첨단소재,6,7522
418,하림지주,6,6972
419,자이언트스텝,6,6793
420,동화약품,6,6057
421,콜마비앤에이치,6,5486
422,삼성제약,6,4432
423,동국제약,6,4090
424,칩스앤미디어,6,3951
425,GS피앤엘,6,3665
426,한미사이언스,6,3369
427,지노믹트리,6,3346
428,유진투자증권,6,3097
429,솔루엠,6,2597
430,HLB글로벌,6,2225
431,매일유업,6,2180
432,레이,6,2140
433,셀리드,6,2089
434,티로보틱스,6,2070
435,에스오에스랩,6,2018
436,GKL,6,1755
437,현대약품,6,1693
438,폴라리스오피스,6,1689
439,이엔플러스,6,1657
440,삼영엠텍,6,1524
441,명신산업,6,1453
442,에스비비테크,6,1310
443,에스엠,6,1282
444,선익시스템,6,1243
445,제룡전기,6,1171
446,LS에코에너지,6,1029
447,DS단석,6,852
448,나래나노텍,6,831
449,아이쓰리시스템,6,671
450,대한광통신,6,665
451,현대엘리베이터,6,645
452,에프에스티,6,627
453,LX하우시스,6,561
454,바이오니아,6,527
455,동원산업,6,484
456,STX엔진,6,480
457,오리온홀딩스,6,467
458,아이씨티케이,6,413
459,GS우,6,378
460,이연제약,6,352
461,JB금융지주,6,346
462,유안타증권,6,342
463,에스에프에이,6,333
464,휴젤,6,313
465,HS효성,6,255
466,제일약품,6,250
467,아이티엠반도체,6,237
468,오픈엣지테크놀로지,6,232
469,하나기술,6,224
470,에스바이오메딕스,6,191
471,두산우,6,173
472,티엘비,6,171
473,SK이노베이션우,6,98
474,한솔케미칼,6,83
475,대웅제약,6,79
476,효성첨단소재,6,66
477,씨엠티엑스,6,44
478,성우,6,35
479,플래티어,6,34
480,초록뱀미디어,6,32
481,솔브레인,6,26
482,레이저쎌,6,16
483,안랩,5,1860465
484,NH올원리츠,5,106117
485,자연과환경,5,96366
486,예스티,5,85882
487,홈캐스트,5,67148
488,동양생명,5,51586
489,바디텍메드,5,37347
490,지씨지놈,5,21908
491,SK리츠,5,21525
492,DB손해보험,5,20440
493,유니슨,5,16729
494,상아프론테크,5,15796
495,경남제약,5,11551
496,HB테크놀러지,5,10019
497,FSN,5,9773
498,동양,5,7642
499,에스와이스틸텍,5,7508
500,카프로,5,7440
501,대주산업,5,7414
502,한국자산신탁,5,7062
503,네오이뮨텍,5,6662
504,흥아해운,5,5387
505,인탑스,5,5217
506,한글과컴퓨터,5,5156
507,SH에너지화학,5,5133
508,HLB테라퓨틱스,5,4577
509,현대지에프홀딩스,5,4473
510,휴온스글로벌,5,4400
511,오이솔루션,5,4400
512,휴마시스,5,4075
513,오성첨단소재,5,3742
514,테라사이언스,5,3222
515,현대그린푸드,5,3196
516,모트렉스,5,2941
517,코맥스,5,2935
518,대우조선해양,5,2686
519,바이오비쥬,5,2534
520,KTcs,5,2520
521,콘텐트리중앙,5,2499
522,레몬,5,2403
523,루미르,5,2347
524,KCTC,5,2250
525,퓨쳐켐,5,2071
526,그린리소스,5,1886
527,슈어소프트테크,5,1879
528,보로노이,5,1857
529,비트맥스,5,1731
530,대동,5,1727
531,지어소프트,5,1688
532,STX,5,1653
533,노랑풍선,5,1613
534,나노엔텍,5,1531
535,노을,5,1506
536,금호건설,5,1492
537,코난테크놀로지,5,1394
538,인텔리안테크,5,1343
539,코리아써키트,5,1282
540,앱클론,5,1229
541,쇼박스,5,1217
542,현대바이오랜드,5,1186
543,모나미,5,1102
544,윌비스,5,1031
545,오름테라퓨틱,5,1013
546,한국정보인증,5,967
547,제이엘케이,5,881
548,SBS,5,879
549,대보마그네틱,5,866
550,RFHIC,5,840
551,효성,5,815
552,셀루메드,5,781
553,인투셀,5,776
554,휴메딕스,5,684
555,PI첨단소재,5,662
556,HLB이노베이션,5,635
557,진흥기업,5,604
558,큐리오시스,5,596
559,원텍,5,532
560,현대건설기계,5,501
561,미래에셋글로벌리츠,5,446
562,웹젠,5,435
563,코웨이,5,403
564,KT알파,5,378
565,에이럭스,5,363
566,아모레퍼시픽홀딩스,5,361
567,이오테크닉스,5,350
568,일진디스플,5,339
569,키움증권,5,306
570,더핑크퐁컴퍼니,5,302
571,딥노이드,5,266
572,토니모리,5,244
573,LG생활건강우,5,232
574,원준,5,228
575,뉴로핏,5,212
576,녹십자홀딩스,5,203
577,파크시스템스,5,177
578,우진엔텍,5,163
579,인벤티지랩,5,155
580,종근당바이오,5,152
581,한국타이어앤테크놀로지,5,143
582,큐로셀,5,141
583,바이젠셀,5,139
584,대한항공우,5,129
585,케이카,5,126
586,엘앤씨바이오,5,109
587,기가비스,5,78
588,한화손해보험,5,76
589,포스코케미칼,5,63
590,지누스,5,60
591,에이엘티,5,54
592,HD현대에너지솔루션,5,33
593,HD건설기계,5,20
594,DB,4,45491
595,조일알미늄,4,44174
596,JW신약,4,33932
597,SMLifeDesign,4,32002
598,서부T&D,4,31319
599,아주IB투자,4,31288
600,헬릭스미스,4,28014
601,메디아나,4,26360
602,서한,4,25752
603,디에이테크놀로지,4,25595
604,신흥에스이씨,4,21221
605,크리스탈신소재,4,16693
606,바이오톡스텍,4,13158
607,코미팜,4,13122
608,형지엘리트,4,13112
609,롯데하이마트,4,8812
610,스맥,4,8704
611,시그네틱스,4,7531
612,엔투텍,4,6951
613,알파칩스,4,6883
614,동방,4,6189
615,팜스토리,4,5797
616,베노티앤알,4,5721
617,신한서부티엔디리츠,4,5682
618,대원제약,4,5679
619,대원전선,4,5282
620,리파인,4,4481
621,코오롱생명과학,4,4263
622,마니커,4,4068
623,시노펙스,4,4038
624,젠큐릭스,4,4030
625,대성창투,4,3989
626,HL홀딩스,4,3882
627,네오셈,4,3738
628,명성티엔에스,4,3541
629,디엔에프,4,3436
630,디이엔티,4,3320
631,제이준코스메틱,4,3318
632,이오플로우,4,3291
633,IHQ,4,3241
634,보성파워텍,4,3011
635,뉴트리,4,2775
636,아이큐어,4,2730
637,동아화성,4,2706
638,와이씨,4,2670
639,이월드,4,2670
640,보령,4,2588
641,아우토크립트,4,2490
642,티엔엔터테인먼트,4,2359
643,광전자,4,2342
644,유니드,4,2334
645,에이프로젠제약,4,2206
646,알에프세미,4,2108
647,텔레칩스,4,2094
648,유진테크놀로지,4,2041
649,블루엠텍,4,2016
650,유바이오로직스,4,1982
651,엔케이,4,1956
652,대아티아이,4,1945
653,플리토,4,1932
654,자이에스앤디,4,1841
655,콜마홀딩스,4,1806
656,세경하이테크,4,1750
657,큐렉소,4,1684
658,폴라리스세원,4,1678
659,위메이드맥스,4,1665
660,스틱인베스트먼트,4,1614
661,TYM,4,1562
662,자화전자,4,1439
663,에스투더블유,4,1422
664,전진건설로봇,4,1397
665,KG케미칼,4,1356
666,기가레인,4,1298
667,위메이드플레이,4,1295
668,스피어,4,1274
669,팜젠사이언스,4,1241
670,에이디테크놀로지,4,1230
671,월덱스,4,1192
672,스마트레이더시스템,4,1146
673,에코마케팅,4,1101
674,대신증권우,4,1054
675,KEC,4,1049
676,남성,4,1039
677,우리바이오,4,976
678,ISC,4,968
679,안트로젠,4,960
680,솔본,4,791
681,앤디포스,4,760
682,지역난방공사,4,744
683,비츠로테크,4,736
684,일양약품,4,727
685,휴온스,4,724
686,컨텍,4,718
687,미래에셋벤처투자,4,697
688,오르비텍,4,633
689,대한유화,4,580
690,교보증권,4,557
691,동국홀딩스,4,542
692,SK디스커버리,4,532
693,대성에너지,4,503
694,미래반도체,4,487
695,신영증권,4,477
696,제주은행,4,457
697,크레오에스지,4,449
698,현대힘스,4,434
699,성광벤드,4,431
700,이노뎁,4,427
701,한화솔루션우,4,426
702,더블유씨피,4,395
703,대화제약,4,370
704,일진파워,4,351
705,에스엘에스바이오,4,335
706,삼천리자전거,4,333
707,한세실업,4,333
708,아모레G,4,302
709,이녹스첨단소재,4,302
710,아이에스동서,4,302
711,이스트소프트,4,287
712,만도,4,284
713,와이엠텍,4,265
714,툴젠,4,238
715,큐라클,4,235
716,LB세미콘,4,233
717,인성정보,4,227
718,넥스틴,4,206
719,하이젠알앤엠,4,198
720,퓨런티어,4,194
721,SNT에너지,4,181
722,나라엠앤디,4,181
723,빅텍,4,176
724,이수화학,4,169
725,한컴라이프케어,4,127
726,농심홀딩스,4,119
727,HS효성첨단소재,4,116
728,LIG디펜스앤에어로스페이스,4,106
729,파인테크닉스,4,105
730,KG스틸,4,104
731,한국단자,4,100
732,LF,4,96
733,이노와이어리스,4,93
734,에이치브이엠,4,92
735,덴티움,4,90
736,버넥트,4,82
737,서연이화,4,81
738,서울가스,4,79
739,에스앤디,4,72
740,삼양엔씨켐,4,70
741,삼표시멘트,4,55
742,에이텍,4,51
743,빙그레,4,49
744,동아쏘시오홀딩스,4,44
745,메디콕스,4,41
746,그린광학,4,37
747,모델솔루션,4,27
748,이지트로닉스,4,12
749,한국앤컴퍼니,4,8
750,포바이포,4,5
751,시지트로닉스,4,5
752,대명소노시즌,3,2218642
753,우진플라임,3,400493
754,나노,3,77580
755,디지털대성,3,57825
756,메타바이오메드,3,56112
757,금호전기,3,51472
758,에넥스,3,42854
759,티이엠씨,3,33003
760,뉴파워프라즈마,3,32297
761,엔바이오니아,3,28147
762,지아이텍,3,22425
763,현대이지웰,3,20348
764,아셈스,3,13928
765,비보존헬스케어,3,13629
766,앱코,3,13525
767,신화인터텍,3,12420
768,이브이첨단소재,3,10529
769,다산네트웍스,3,8400
770,3S,3,8340
771,엘오티베큠,3,7727
772,동방메디컬,3,6761
773,이루온,3,5900
774,수젠텍,3,5809
775,와이랩,3,5807
776,서울제약,3,5677
777,동원시스템즈,3,5578
778,태웅로직스,3,5490
779,리드코프,3,5442
780,아바코,3,5125
781,코아스템켐온,3,5022
782,에코바이오,3,4951
783,비나텍,3,4937
784,닷밀,3,4911
785,인피니트헬스케어,3,4707
786,금강공업,3,4551
787,코람코라이프인프라리츠,3,4459
788,알루코,3,4371
789,엔지켐생명과학,3,4248
790,일진머티리얼즈,3,4150
791,좋은사람들,3,4131
792,노머스,3,4056
793,동우팜투테이블,3,4034
794,뉴프렉스,3,3993
795,두산퓨얼셀1우,3,3761
796,유니온머티리얼,3,3640
797,케이지에이,3,3608
798,압타바이오,3,3380
799,에치에프알,3,3285
800,선도전기,3,3261
801,한솔테크닉스,3,3171
802,대신증권,3,3157
803,엔젠바이오,3,3100
804,브이엠,3,3034
805,위지트,3,3025
806,상신이디피,3,3020
807,삼기,3,3004
808,유니드비티플러스,3,2918
809,조아제약,3,2917
810,메디포스트,3,2834
811,프레스티지바이오로직스,3,2751
812,디오,3,2721
813,자비스,3,2630
814,저스템,3,2610
815,소프트센,3,2580
816,서원,3,2494
817,신일제약,3,2451
818,이지홀딩스,3,2370
819,에스디생명공학,3,2299
820,인바이오젠,3,2298
821,남양유업우,3,2274
822,현대차증권,3,2233
823,바이온,3,2184
824,한국무브넥스,3,2127
825,한빛레이저,3,2126
826,에스코넥,3,2091
827,범양건영,3,2050
828,센서뷰,3,2032
829,재영솔루텍,3,1965
830,신풍제약우,3,1935
831,태광,3,1929
832,유에스티,3,1923
833,이엠코리아,3,1910
834,미래에셋대우,3,1896
835,지엔씨에너지,3,1873
836,아이엠,3,1860
837,에스티큐브,3,1837
838,제룡산업,3,1823
839,씨앤지하이테크,3,1735
840,제노코,3,1684
841,라닉스,3,1668
842,꿈비,3,1633
843,스코넥,3,1582
844,오리엔탈정공,3,1580
845,오상자이엘,3,1572
846,에이프로,3,1564
847,문배철강,3,1560
848,대성파인텍,3,1521
849,LG상사,3,1475
850,에코플라스틱,3,1442
851,KTis,3,1340
852,플레이위드,3,1302
853,다우데이타,3,1301
854,금강철강,3,1300
855,이구산업,3,1289
856,소룩스,3,1279
857,라온피플,3,1271
858,삼호개발,3,1265
859,미래에셋생명,3,1261
860,그린케미칼,3,1243
861,한성기업,3,1235
862,SK디앤디,3,1214
863,피씨디렉트,3,1188
864,심텍홀딩스,3,1123
865,유진로봇,3,1101
866,인바디,3,1095
867,SG,3,1068
868,명문제약,3,1064
869,플루토스,3,1059
870,삼성공조,3,1051
871,파트론,3,1018
872,비아이매트릭스,3,984
873,KH바텍,3,958
874,일신석재,3,933
875,아톤,3,925
876,아모레G우,3,920
877,덕산네오룩스,3,888
878,메가터치,3,871
879,호텔신라우,3,870
880,이엔에프테크놀로지,3,822
881,한전산업,3,787
882,인트로메딕,3,780
883,핑거,3,773
884,해성산업,3,764
885,블랙야크아이앤씨,3,752
886,슈프리마,3,730
887,이녹스,3,720
888,원익QnC,3,705
889,대성홀딩스,3,684
890,애경케미칼,3,678
891,대봉엘에스,3,669
892,미래아이앤지,3,649
893,현대리바트,3,632
894,원익피앤이,3,631
895,디알젬,3,627
896,동부건설,3,624
897,무학,3,611
898,티케이케미칼,3,610
899,국제약품,3,601
900,일신바이오,3,601
901,서전기전,3,591
902,NE능률,3,584
903,캠시스,3,582
904,캡스톤파트너스,3,578
905,동화기업,3,575
906,온코닉테라퓨틱스,3,567
907,티에이치엔,3,564
908,계룡건설,3,558
909,멕아이씨에스,3,557
910,유진테크,3,540
911,YGPLUS,3,536
912,피에스케이,3,534
913,리튬포어스,3,522
914,한선엔지니어링,3,516
915,율촌화학,3,504
916,대성하이텍,3,488
917,한국공항,3,477
918,동서,3,473
919,이리츠코크렙,3,468
920,MDS테크,3,460
921,NEW,3,456
922,한솔제지,3,453
923,NICE인프라,3,445
924,삼화네트웍스,3,441
925,에이프릴바이오,3,438
926,티플랙스,3,421
927,노바렉스,3,416
928,메가스터디교육,3,412
929,아이씨디,3,409
930,아이마켓코리아,3,396
931,파워로직스,3,392
932,한빛소프트,3,390
933,CJ4우(전환),3,382
934,부국철강,3,370
935,도우인시스,3,365
936,새빗켐,3,355
937,신성에스티,3,349
938,APS이노베이션,3,347
939,현대엘리베이,3,346
940,고바이오랩,3,327
941,DSC인베스트먼트,3,325
942,골프존,3,325
943,하이트진로홀딩스,3,323
944,한솔홀딩스,3,313
945,케이옥션,3,313
946,다올투자증권,3,310
947,유비케어,3,308
948,STX중공업,3,305
949,JW중외제약,3,300
950,나라스페이스테크놀로지,3,283
951,HDC,3,280
952,한진,3,276
953,투비소프트,3,271
954,심플랫폼,3,260
955,태웅,3,258
956,쓰리빌리언,3,258
957,테스,3,256
958,롯데이노베이트,3,254
959,지투파워,3,244
960,클리오,3,242
961,네패스아크,3,239
962,이뮨온시아,3,223
963,삼화콘덴서,3,222
964,센코,3,222
965,환인제약,3,217
966,새로닉스,3,210
967,쏘닉스,3,205
968,네오팜,3,205
969,SJG세종,3,195
970,삼양통상,3,189
971,신원,3,168
972,엠로,3,168
973,삼성화재,3,166
974,삼아알미늄,3,163
975,디와이파워,3,154
976,진성티이씨,3,153
977,모두투어,3,151
978,트윔,3,146
979,고려제강,3,143
980,동성화인텍,3,140
981,그리드위즈,3,132
982,케이뱅크,3,129
983,덕성우,3,117
984,옵티시스,3,117
985,한국금융지주우,3,116
986,우진,3,109
987,한싹,3,106
988,싸이닉솔루션,3,104
989,뉴엔AI,3,102
990,가비아,3,101
991,마이크로투나노,3,101
992,네오위즈,3,100
993,펌텍코리아,3,96
994,티엑스알로보틱스,3,92
995,오가노이드사이언스,3,83
996,키네마스터,3,79
997,차AI헬스케어,3,70
998,바른손,3,68
999,사조대림,3,66
1000,한중엔시에스,3,63
1001,범한퓨얼셀,3,63
1002,애경산업,3,63
1003,한국석유,3,61
1004,프로티나,3,61
1005,티씨케이,3,60
1006,프롬바이오,3,58
1007,디앤씨미디어,3,58
1008,F&F,3,58
1009,코미코,3,56
1010,LX세미콘,3,53
1011,JW홀딩스,3,50
1012,서연,3,43
1013,현대차3우B,3,41
1014,토모큐브,3,40
1015,아이티센글로벌,3,34
1016,엠플러스,3,34
1017,삼양컴텍,3,29
1018,삼성물산우B,3,25
1019,LX인터내셔널,3,24
1020,샘씨엔에스,3,21
1021,쌍용정보통신,3,20
1022,코칩,3,19
1023,GST,3,15
1024,아이지넷,3,9
1025,에이유브랜즈,3,8
1026,흥국,2,1790100
1027,지엘팜텍,2,117117
1028,큐리언트,2,83312
1029,BGF에코머티리얼즈,2,56680
1030,브이씨,2,42954
1031,아스트,2,35006
1032,해성옵틱스,2,30020
1033,태평양물산,2,28731
1034,영풍제지,2,28687
1035,프로스테믹스,2,23774
1036,에이티넘인베스트,2,20000
1037,아미노로직스,2,16250
1038,대창솔루션,2,16100
1039,석경에이티,2,13805
1040,HLB파나진,2,13112
1041,한창제지,2,12502
1042,파라택시스코리아,2,12357
1043,우수AMS,2,12077
1044,신한제13호스팩,2,11771
1045,켄코아에어로스페이스,2,11210
1046,동원개발,2,10360
1047,씨유메디칼,2,10300
1048,윈팩,2,10038
1049,엔에이치스팩31호,2,10007
1050,지슨,2,9989
1051,에스에이엠티,2,9386
1052,티에스넥스젠,2,8595
1053,진양홀딩스,2,8418
1054,엑셈,2,8215
1055,디와이디,2,8056
1056,오리엔트바이오,2,7838
1057,판타지오,2,7645
1058,한성크린텍,2,7330
1059,휴림에이텍,2,7209
1060,방림,2,6942
1061,코아시아,2,6700
1062,아이디스,2,6529
1063,성창기업지주,2,6471
1064,티케이지휴켐스,2,6232
1065,WISCOM,2,6200
1066,엠오티,2,6191
1067,트루엔,2,5961
1068,파수,2,5347
1069,셀바스헬스케어,2,5121
1070,엠케이전자,2,5086
1071,KC그린홀딩스,2,5053
1072,우리넷,2,5020
1073,KNN,2,4942
1074,누리플랜,2,4785
1075,HSD엔진,2,4743
1076,파인텍,2,4530
1077,컨버즈,2,4433
1078,샤페론,2,4342
1079,리메드,2,4300
1080,iMBC,2,4210
1081,KB스타리츠,2,4015
1082,EG,2,3995
1083,엔케이맥스,2,3950
1084,이지케어텍,2,3850
1085,기신정기,2,3780
1086,웨이버스,2,3776
1087,유비쿼스,2,3734
1088,피제이전자,2,3632
1089,벽산,2,3551
1090,KX,2,3487
1091,드림시큐리티,2,3234
1092,삼일,2,3168
1093,인텍플러스,2,3140
1094,강원에너지,2,3100
1095,킵스파마,2,3019
1096,덴티스,2,3001
1097,한스바이오메드,2,2953
1098,코닉오토메이션,2,2858
1099,미래컴퍼니,2,2837
1100,비케이홀딩스,2,2830
1101,아나패스,2,2823
1102,조이웍스앤코,2,2791
1103,에스트래픽,2,2709
1104,제이엔케이히터,2,2685
1105,하이딥,2,2646
1106,강스템바이오텍,2,2630
1107,나노씨엠에스,2,2524
1108,에코앤드림,2,2467
1109,태림포장,2,2465
1110,덕양산업,2,2366
1111,안국약품,2,2304
1112,와이솔,2,2232
1113,위닉스,2,2205
1114,코렌텍,2,2200
1115,에쓰씨엔지니어링,2,2193
1116,화성밸브,2,2111
1117,유틸렉스,2,2003
1118,손오공,2,1984
1119,GC메디아이,2,1956
1120,대신증권2우B,2,1886
1121,펨토바이오메드,2,1872
1122,AK홀딩스,2,1850
1123,세운메디칼,2,1824
1124,티에프이,2,1820
1125,케이이엠텍,2,1815
1126,배럴,2,1770
1127,포스뱅크,2,1765
1128,제이스코홀딩스,2,1750
1129,우리엔터프라이즈,2,1744
1130,신한글로벌액티브리츠,2,1738
1131,텔코웨어,2,1684
1132,대진첨단소재,2,1631
1133,페니트리움바이오,2,1626
1134,디지틀조선,2,1616
1135,SBI인베스트먼트,2,1568
1136,네온테크,2,1535
1137,한국첨단소재,2,1517
1138,까뮤이앤씨,2,1511
1139,신원종합개발,2,1501
1140,옵트론텍,2,1443
1141,에이전트AI,2,1442
1142,이지스밸류리츠,2,1425
1143,NICE평가정보,2,1379
1144,시너지이노베이션,2,1370
1145,KB발해인프라,2,1332
1146,우리로,2,1304
1147,본느,2,1301
1148,한농화성,2,1231
1149,경보제약,2,1216
1150,씨에스베어링,2,1200
1151,파루,2,1200
1152,KT서브마린,2,1156
1153,덕우전자,2,1150
1154,평화산업,2,1147
1155,한국팩키지,2,1129
1156,송원산업,2,1112
1157,오스테오닉,2,1102
1158,동일제강,2,1091
1159,아세아시멘트,2,1050
1160,피노,2,1038
1161,세명전기,2,1031
1162,코어라인소프트,2,1018
1163,텔콘RF제약,2,1010
1164,세이브존I&C,2,1005
1165,케일럼,2,1000
1166,메카로,2,989
1167,빅솔론,2,975
1168,폴라리스AI,2,950
1169,휴럼,2,944
1170,미트박스,2,925
1171,노터스,2,922
1172,해성에어로보틱스,2,919
1173,삼양패키징,2,917
1174,와이바이오로직스,2,905
1175,우신시스템,2,904
1176,동원금속,2,875
1177,코스나인,2,872
1178,빌리언스,2,871
1179,와이지-원,2,836
1180,진매트릭스,2,834
1181,오리엔트정공,2,829
1182,유비쿼스홀딩스,2,828
1183,조이시티,2,825
1184,티씨머티리얼즈,2,825
1185,티비씨,2,815
1186,대웅,2,810
1187,코센,2,807
1188,아가방컴퍼니,2,800
1189,이엠앤아이,2,785
1190,피엔티엠에스,2,782
1191,프레스티지바이오파마,2,734
1192,한국캐피탈,2,721
1193,티쓰리,2,720
1194,아시아나IDT,2,707
1195,엠디바이스,2,705
1196,러셀,2,704
1197,광명전기,2,700
1198,삼보모터스,2,666
1199,에코캡,2,662
1200,SGC에너지,2,655
1201,SG세계물산,2,620
1202,한화3우B,2,608
1203,미스터블루,2,608
1204,에스켐,2,605
1205,경인양행,2,601
1206,글로벌텍스프리,2,600
1207,아프리카TV,2,598
1208,한신기계,2,596
1209,KPX케미칼,2,582
1210,SK증권우,2,580
1211,다이나믹디자인,2,574
1212,테라뷰,2,574
1213,알트,2,570
1214,대유플러스,2,553
1215,BGF,2,553
1216,YBM넷,2,550
1217,이노메트리,2,535
1218,우원개발,2,505
1219,모나리자,2,500
1220,이엠텍,2,493
1221,선진,2,485
1222,바이브컴퍼니,2,482
1223,와이팜,2,450
1224,라이콤,2,448
1225,에스퓨얼셀,2,440
1226,에프엔에스테크,2,438
1227,신테카바이오,2,438
1228,에스피소프트,2,426
1229,와이엔텍,2,424
1230,앱토크롬,2,420
1231,디아이씨,2,412
1232,아이언디바이스,2,401
1233,제일바이오,2,400
1234,태경산업,2,398
1235,DSR제강,2,397
1236,큐라티스,2,392
1237,휴네시온,2,390
1238,레드캡투어,2,374
1239,KCC글라스,2,367
1240,NI스틸,2,351
1241,아이스크림에듀,2,350
1242,한국알콜,2,346
1243,화승엔터프라이즈,2,342
1244,마녀공장,2,336
1245,삼진엘앤디,2,331
1246,대동기어,2,330
1247,화승알앤에이,2,325
1248,웰바이오텍,2,320
1249,썸에이지,2,318
1250,성신양회,2,310
1251,티이엠씨씨엔에스,2,310
1252,STX그린로지스,2,308
1253,피아이이,2,308
1254,엑스게이트,2,305
1255,강동씨앤엘,2,303
1256,동양철관,2,301
1257,DN오토모티브,2,290
1258,서울바이오시스,2,290
1259,에스티아이,2,290
1260,RF머트리얼즈,2,267
1261,코아시아씨엠,2,261
1262,팸텍,2,260
1263,나무기술,2,260
1264,유나이티드제약,2,255
1265,온코크로스,2,250
1266,오상헬스케어,2,244
1267,슈피겐코리아,2,242
1268,비씨월드제약,2,242
1269,리더스코스메틱,2,240
1270,서울식품우,2,235
1271,솔브레인홀딩스,2,234
1272,SK케미칼우,2,233
1273,제이티,2,220
1274,로보로보,2,220
1275,부산산업,2,216
1276,이수앱지스,2,207
1277,SIMPAC,2,207
1278,한텍,2,205
1279,동양고속,2,205
1280,국순당,2,202
1281,디알텍,2,202
1282,HDC현대EP,2,200
1283,힘스,2,185
1284,iM금융지주,2,183
1285,제넨바이오,2,182
1286,태양금속공업,2,164
1287,디앤디플랫폼리츠,2,157
1288,동성케미컬,2,156
1289,미코,2,155
1290,케이엠,2,154
1291,동양파일,2,151
1292,갤럭시아머니트리,2,151
1293,노루페인트,2,149
1294,제이브이엠,2,146
1295,비에이치,2,144
1296,태성,2,143
1297,클리노믹스,2,142
1298,메가스터디,2,140
1299,TS트릴리온,2,130
1300,어보브반도체,2,130
1301,엠아이텍,2,126
1302,제닉스로보틱스,2,126
1303,삼목에스폼,2,125
1304,AP위성,2,120
1305,라온텍,2,119
1306,씨티씨바이오,2,118
1307,티움바이오,2,112
1308,마이크로컨텍솔,2,107
1309,알에스오토메이션,2,107
1310,에이치피오,2,107
1311,포메탈,2,106
1312,케이엔에스,2,104
1313,유니셈,2,104
1314,SNT다이내믹스,2,104
1315,장원테크,2,104
1316,삼성출판사,2,102
1317,링크제니시스,2,100
1318,파커스,2,99
1319,서울보증보험,2,97
1320,디바이스이엔지,2,95
1321,케이탑리츠,2,93
1322,녹십자엠에스,2,90
1323,에코볼트,2,90
1324,팬엔터테인먼트,2,90
1325,토탈소프트,2,88
1326,위드텍,2,86
1327,풍산홀딩스,2,81
1328,SPC삼립,2,80
1329,대림제지,2,79
1330,미래산업,2,79
1331,더네이쳐홀딩스,2,79
1332,에어레인,2,79
1333,JW생명과학,2,79
1334,한신공영,2,77
1335,계양전기,2,76
1336,대우부품,2,75
1337,한솔인티큐브,2,75
1338,웰크론,2,75
1339,와이씨켐,2,75
1340,퀄리타스반도체,2,71
1341,삼양사,2,70
1342,모비스,2,69
1343,파인디앤씨,2,69
1344,씨메스로보틱스,2,67
1345,원익머트리얼즈,2,65
1346,CJ우,2,64
1347,화신,2,63
1348,사피엔반도체,2,62
1349,에스씨엠생명과학,2,61
1350,유안타증권우,2,61
1351,현대일렉트릭,2,58
1352,유니테스트,2,57
1353,대한뉴팜,2,56
1354,코오롱,2,52
1355,다우기술,2,52
1356,케이씨텍,2,51
1357,국전약품,2,50
1358,이아이디,2,50
1359,에스엠씨지,2,50
1360,프로텍,2,50
1361,모바일어플라이언스,2,50
1362,글로본,2,49
1363,DI동일,2,48
1364,웰크론한텍,2,48
1365,LG우,2,46
1366,고려신용정보,2,45
1367,미창석유,2,45
1368,한진중공업홀딩스,2,44
1369,종근당홀딩스,2,41
1370,KBI동양철관,2,40
1371,엑시콘,2,39
1372,데브시스터즈,2,38
1373,제놀루션,2,36
1374,파워넷,2,36
1375,삼성전기우,2,33
1376,HS화성,2,33
1377,에이에스텍,2,33
1378,금호석유우,2,31
1379,S-Oil우,2,30
1380,라메디텍,2,29
1381,비씨엔씨,2,28
1382,유한양행우,2,27
1383,에스원,2,26
1384,드래곤플라이,2,25
1385,한울앤제주,2,24
1386,셀바이오휴먼텍,2,23
1387,아이센스,2,22
1388,롯데제과,2,22
1389,픽셀플러스,2,22
1390,세방전지,2,21
1391,나노팀,2,19
1392,오토앤,2,16
1393,한국정보통신,2,16
1394,한국철강,2,14
1395,IBKS제23호스팩,2,14
1396,HLB펩,2,13
1397,프리시젼바이오,2,13
1398,네오위즈홀딩스,2,12
1399,CJ대한통운,2,12
1400,바이오로그디바이스,2,12
1401,티에스아이,2,12
1402,라파스,2,11
1403,알멕,2,11
1404,아센디오,2,11
1405,가온미디어,2,11
1406,대덕,2,10
1407,뱅크웨어글로벌,2,10
1408,국도화학,2,10
1409,웨이비스,2,8
1410,케이웨더,2,7
1411,엠앤씨솔루션,2,7
1412,세아메카닉스,2,6
1413,원티드랩,2,6
1414,엑시큐어하이트론,2,6
1415,브랜드엑스코퍼레이션,2,6
1416,대양금속,2,5
1417,시큐레터,2,5
1418,에이프로젠바이오로직스,2,4
1419,F&F홀딩스,2,4
1420,알피바이오,2,4
1421,퓨릿,2,3
1422,코츠테크놀로지,2,3
1423,쿼드메디슨,2,2
1424,아이빔테크놀로지,2,2
1425,씨앤씨인터내셔널,2,2
1426,이노시뮬레이션,2,2
1427,레뷰코퍼레이션,2,2
1428,에이프로젠,1,181101
1429,제너셈,1,108885
1430,포니링크,1,88073
1431,화인베스틸,1,86594
1432,원바이오젠,1,60000
1433,코텍,1,51000
1434,에이엔피,1,30993
1435,하이퍼코퍼레이션,1,30839
1436,나노브릭,1,30600
1437,KB오토시스,1,29380
1438,SGA솔루션즈,1,25300
1439,미래에셋맵스리츠,1,22556
1440,유진기업,1,20000
1441,유니온바이오메트릭스,1,18262
1442,하이텍팜,1,17560
1443,그리티,1,17000
1444,정다운,1,16792
1445,신한제16호스팩,1,15577
1446,이지스레지던스리츠,1,15373
1447,미래에셋비전스팩7호,1,14997
1448,에이치엠씨제7호스팩,1,14000
1449,삼기에너지솔루션즈,1,13512
1450,KC산업,1,13333
1451,신한제15호스팩,1,13000
1452,유진스팩11호,1,13000
1453,서울전자통신,1,12649
1454,KB제30호스팩,1,11812
1455,넥스트아이,1,11650
1456,하나34호스팩,1,11577
1457,오파스넷,1,11546
1458,HB솔루션,1,11023
1459,지앤비에스에코,1,10986
1460,CSA코스믹,1,10474
1461,광동헬스바이오,1,10358
1462,정상제이엘에스,1,10000
1463,라이트론,1,10000
1464,KB제29호스팩,1,10000
1465,원풍물산,1,9227
1466,삼일제약,1,8522
1467,프로티아,1,8000
1468,틸론,1,7691
1469,질경이,1,7659
1470,아이씨에이치,1,7500
1471,현대홈쇼핑,1,7480
1472,코아스템,1,6598
1473,키움제11호스팩,1,6404
1474,KB제31호스팩,1,6250
1475,신한제14호스팩,1,6074
1476,원익,1,5500
1477,휴맥스홀딩스,1,5500
1478,디비금융제13호스팩,1,5441
1479,유안타제17호스팩,1,5357
1480,타이거일렉,1,5251
1481,대상홀딩스,1,5000
1482,유안타제16호스팩,1,5000
1483,엣지파운드리,1,4808
1484,티앤알바이오팹,1,4800
1485,플럼라인생명과학,1,4650
1486,DH오토웨어,1,4529
1487,블루산업개발,1,4400
1488,더라미,1,4360
1489,진양화학,1,4355
1490,아이진,1,4346
1491,보해양조,1,4240
1492,엠에스오토텍,1,4025
1493,아이텍,1,4000
1494,로스웰,1,4000
1495,대신밸런스제19호스팩,1,4000
1496,볼빅,1,3950
1497,마이크로디지탈,1,3948
1498,교보16호스팩,1,3824
1499,오디텍,1,3606
1500,동아에스티,1,3544
1501,대원화성,1,3500
1502,아이티센씨티에스,1,3500
1503,코디,1,3336
1504,효성오앤비,1,3222
1505,도화엔지니어링,1,3113
1506,휴맥스,1,3029
1507,에이치엔에스하이텍,1,3000
1508,진도,1,3000
1509,APS,1,3000
1510,엑사이엔씨,1,3000
1511,세화피앤씨,1,3000
1512,대호특수강,1,3000
1513,솔루에타,1,2950
1514,한독크린텍,1,2932
1515,엘브이엠씨홀딩스,1,2796
1516,에이피티씨,1,2753
1517,인터지스,1,2750
1518,씨엔알리서치,1,2740
1519,셀피글로벌,1,2540
1520,이스트아시아홀딩스,1,2520
1521,하나제약,1,2500
1522,푸드웰,1,2500
1523,카이노스메드,1,2500
1524,GS이,1,2479
1525,나노캠텍,1,2407
1526,유안타제15호스팩,1,2393
1527,제이에스티나,1,2370
1528,코리아나,1,2348
1529,유아이엘,1,2250
1530,원풍,1,2172
1531,가온그룹,1,2142
1532,부산주공,1,2119
1533,포커스에이아이,1,2115
1534,에이에프더블류,1,2001
1535,팜스코,1,2000
1536,휴켐스,1,2000
1537,아시아종묘,1,1979
1538,판도라티비,1,1972
1539,MH에탄올,1,1900
1540,넥센타이어,1,1860
1541,대한제분,1,1860
1542,아이티센엔텍,1,1846
1543,형지I&C,1,1838
1544,큐로컴,1,1810
1545,남양유업,1,1800
1546,골든브릿지증권,1,1752
1547,젬백스링크,1,1675
1548,태영건설우,1,1673
1549,도이치모터스,1,1650
1550,티사이언티픽,1,1602
1551,위더스제약,1,1560
1552,네오크레마,1,1550
1553,올리패스,1,1513
1554,플레이그램,1,1500
1555,GV,1,1500
1556,링크드,1,1500
1557,아티스트컴퍼니,1,1500
1558,엔비티,1,1480
1559,미래에셋대우우,1,1470
1560,동구바이오제약,1,1467
1561,KR모터스,1,1407
1562,인콘,1,1400
1563,인카금융서비스,1,1373
1564,농우바이오,1,1369
1565,바이오인프라,1,1350
1566,DMS,1,1350
1567,지오엘리먼트,1,1300
1568,이엠넷,1,1300
1569,핌스,1,1200
1570,이노션,1,1200
1571,엠투아이,1,1199
1572,HLD&I,1,1190
1573,삼영,1,1185
1574,하츠,1,1180
1575,디에이피,1,1168
1576,대창스틸,1,1138
1577,알에프텍,1,1111
1578,성문전자,1,1100
1579,엠엑스온,1,1100
1580,디바이스,1,1100
1581,인터엠,1,1066
1582,황금에스티,1,1063
1583,바이오솔루션,1,1047
1584,ESR켄달스퀘어리츠,1,1011
1585,젝시믹스,1,1000
1586,코퍼스코리아,1,1000
1587,SK시그넷,1,1000
1588,센트럴인사이트,1,1000
1589,코위버,1,1000
1590,케이씨티,1,1000
1591,한미글로벌,1,1000
1592,포시에스,1,1000
1593,KBI메탈,1,1000
1594,상보,1,1000
1595,KG이니시스,1,1000
1596,뉴인텍,1,1000
1597,해태제과식품,1,1000
1598,컴퍼니케이,1,1000
1599,엔텔스,1,999
1600,지아이에스,1,999
1601,에이스토리,1,993
1602,서희건설,1,986
1603,국동,1,950
1604,엔케이젠바이오텍코리아,1,947
1605,포인트모바일,1,900
1606,삼일기업공사,1,880
1607,성안,1,875
1608,교보17호스팩,1,873
1609,대유에이텍,1,866
1610,세동,1,863
1611,그린플러스,1,861
1612,선광,1,850
1613,비스토스,1,835
1614,하이트론,1,830
1615,에스에이티,1,817
1616,인디에프,1,806
1617,KG모빌리언스,1,800
1618,유티아이,1,800
1619,LS네트웍스,1,792
1620,디아이,1,781
1621,세종공업,1,737
1622,비츠로셀,1,723
1623,원익큐브,1,720
1624,삼영무역,1,710
1625,웹스,1,710
1626,소마젠,1,700
1627,성보화학,1,700
1628,셀로맥스사이언스,1,687
1629,이렘,1,683
1630,그린생명과학,1,666
1631,교촌에프앤비,1,662
1632,신라에스지,1,660
1633,케이엠제약,1,660
1634,한국전자인증,1,656
1635,엘컴텍,1,646
1636,코셈,1,640
1637,노바텍,1,639
1638,제테마,1,630
1639,대명에너지,1,604
1640,데이터스트림즈,1,602
1641,CS,1,600
1642,비피도,1,600
1643,팅크웨어,1,600
1644,옵티코어,1,600
1645,마니커에프앤지,1,600
1646,케어랩스,1,600
1647,미래생명자원,1,600
1648,알비더블유,1,570
1649,쌍용차,1,570
1650,기산텔레콤,1,563
1651,한주라이트메탈,1,560
1652,골드퍼시픽,1,554
1653,디티씨,1,520
1654,파이오링크,1,518
1655,상상인인더스트리,1,500
1656,케이피에프,1,500
1657,태경비케이,1,500
1658,사조씨푸드,1,500
1659,제이엔케이글로벌,1,500
1660,이화공영,1,500
1661,KGETS,1,494
1662,일성건설,1,484
1663,피플바이오,1,469
1664,코람코더원리츠,1,464
1665,영화금속,1,460
1666,포인트엔지니어링,1,460
1667,엘비세미콘,1,456
1668,DH오토리드,1,443
1669,이엘피,1,441
1670,토비스,1,439
1671,에이치시티,1,435
1672,에이아이코리아,1,430
1673,넥스트사이언스,1,430
1674,LK삼양,1,421
1675,이지웰페어,1,409
1676,극동유화,1,407
1677,TS인베스트먼트,1,406
1678,신풍제지,1,401
1679,우림피티에스,1,400
1680,다산디엠씨,1,400
1681,오비고,1,400
1682,세원정공,1,400
1683,신신제약,1,400
1684,싸이맥스,1,394
1685,휴비스,1,379
1686,대상홀딩스우,1,378
1687,하스,1,375
1688,아남전자,1,370
1689,진로발효,1,350
1690,아진산업,1,344
1691,코오롱인더우,1,343
1692,톱텍,1,329
1693,지니틱스,1,310
1694,DYP,1,310
1695,YTN,1,305
1696,삼익THK,1,304
1697,KX하이텍,1,303
1698,동원수산,1,300
1699,아이크래프트,1,300
1700,네오펙트,1,300
1701,엘티씨,1,300
1702,에스엠코어,1,300
1703,지란지교시큐리티,1,300
1704,오션인더블유,1,300
1705,제일일렉트릭,1,300
1706,에너토크,1,300
1707,듀켐바이오,1,290
1708,대동금속,1,290
1709,세하,1,286
1710,특수건설,1,283
1711,대교,1,283
1712,비비안,1,283
1713,내츄럴엔도텍,1,282
1714,한국파마,1,281
1715,평화홀딩스,1,280
1716,PS일렉트로닉스,1,267
1717,나라셀라,1,267
1718,애드바이오텍,1,266
1719,일지테크,1,262
1720,서남,1,260
1721,푸른기술,1,260
1722,예림당,1,257
1723,마이크로프랜드,1,255
1724,유테크,1,255
1725,넥스틸,1,253
1726,이닉스,1,250
1727,한국큐빅,1,250
1728,슈프리마에이치큐,1,247
1729,코이즈,1,244
1730,SCL사이언스,1,240
1731,자람테크놀로지,1,240
1732,카페24,1,240
1733,씨티케이,1,238
1734,쌍용자동차,1,238
1735,삼진제약,1,230
1736,사이냅소프트,1,230
1737,세코닉스,1,220
1738,스톤브릿지벤처스,1,216
1739,인터파크,1,216
1740,삼익제약,1,212
1741,AJ네트웍스,1,211
1742,이랜시스,1,210
1743,컬러레이,1,210
1744,프리티,1,210
1745,보락,1,208
1746,사조오양,1,200
1747,테이팩스,1,200
1748,한국유니온제약,1,200
1749,이삭엔지니어링,1,200
1750,신흥,1,200
1751,에코바이오홀딩스,1,200
1752,아이비젼웍스,1,200
1753,피델릭스,1,200
1754,엠아이큐브솔루션,1,200
1755,미투젠,1,200
1756,케이엔솔,1,200
1757,KPX생명과학,1,200
1758,GH신소재,1,200
1759,메이슨캐피탈,1,196
1760,골프존뉴딘홀딩스,1,195
1761,풍강,1,190
1762,서울식품,1,190
1763,스카이이앤엠,1,189
1764,우양에이치씨,1,180
1765,와이제이링크,1,180
1766,플래스크,1,178
1767,씨티알모빌리티,1,177
1768,미코바이오메드,1,173
1769,에스아이리소스,1,170
1770,에스제이그룹,1,167
1771,에스씨디,1,156
1772,이랜텍,1,155
1773,포스코스틸리온,1,153
1774,대한제강,1,150
1775,멀티캠퍼스,1,150
1776,YW,1,150
1777,선데이토즈,1,150
1778,태양금속우,1,150
1779,야스,1,150
1780,핑거스토리,1,150
1781,두올,1,148
1782,하이비젼시스템,1,145
1783,알톤,1,145
1784,케이씨,1,144
1785,휠라홀딩스,1,143
1786,아이패밀리에스씨,1,141
1787,동양피스톤,1,139
1788,케이사인,1,135
1789,수산중공업,1,132
1790,HEM파마,1,130
1791,아시아경제,1,130
1792,지구홀딩스,1,130
1793,SGA,1,126
1794,인트론바이오,1,124
1795,티에스인베스트먼트,1,122
1796,삼화콘덴서공업,1,121
1797,경동인베스트,1,120
1798,대한제당,1,120
1799,이엔드디,1,120
1800,아리온,1,120
1801,차이커뮤니케이션,1,118
1802,상상인증권,1,111
1803,크라우드웍스,1,111
1804,디티앤씨알오,1,110
1805,유성티엔에스,1,110
1806,백산,1,110
1807,체시스,1,109
1808,바이오다인,1,106
1809,KC코트렐,1,105
1810,네오리진,1,101
1811,경동제약,1,100
1812,동국S&C,1,100
1813,롯데손해보험,1,100
1814,삼영전자공업,1,100
1815,비트컴퓨터,1,100
1816,아모레퍼시픽우,1,100
1817,CG인바이츠,1,100
1818,포스코ICT,1,100
1819,코윈테크,1,100
1820,현대비앤지스틸,1,100
1821,맵스리얼티,1,100
1822,삼성FN리츠,1,100
1823,노브랜드,1,100
1824,에스엘,1,100
1825,하이트진로홀딩스우,1,100
1826,LS티라유텍,1,100
1827,모아데이타,1,100
1828,에스맥,1,99
1829,에스엠벡셀,1,98
1830,영풍,1,97
1831,진양제약,1,95
1832,파세코,1,92
1833,레고켐바이오,1,92
1834,에스피시스템스,1,90
1835,한국특강,1,88
1836,구영테크,1,87
1837,한솔아이원스,1,86
1838,대동전자,1,84
1839,네이버,1,84
1840,동아엘텍,1,81
1841,부방,1,80
1842,키이스트,1,80
1843,화성산업,1,80
1844,알파AI,1,80
1845,솔루스첨단소재1우,1,80
1846,네이블,1,77
1847,현우산업,1,76
1848,금호에이치티,1,76
1849,한국토지신탁,1,76
1850,셀비온,1,75
1851,큐알티,1,74
1852,CJ제일제당우,1,73
1853,프럼파스트,1,70
1854,라온테크,1,70
1855,아미코젠,1,70
1856,코스메카코리아,1,68
1857,제이투케이바이오,1,66
1858,아이디스홀딩스,1,65
1859,인팩,1,64
1860,E1,1,63
1861,엠에스씨,1,63
1862,코오롱글로벌,1,61
1863,누보,1,60
1864,한양디지텍,1,60
1865,알엔투테크놀로지,1,60
1866,오브젠,1,60
1867,한일사료,1,60
1868,대호피앤씨,1,60
1869,엘엠에스,1,60
1870,엔에스엔,1,58
1871,센트랄모텍,1,58
1872,에스에너지,1,58
1873,두산중공업,1,56
1874,이엔셀,1,56
1875,서울리거,1,56
1876,동운아나텍,1,55
1877,신화콘텍,1,55
1878,에이프로젠H&G,1,55
1879,파멥신,1,53
1880,윈스테크넷,1,53
1881,크레버스,1,50
1882,삼현철강,1,50
1883,셀레스트라,1,50
1884,메가엠디,1,50
1885,KSS해운,1,50
1886,롯데지주우,1,50
1887,풍국주정,1,50
1888,에이테크솔루션,1,50
1889,체리부로,1,50
1890,모베이스전자,1,50
1891,아이엠비디엑스,1,50
1892,유유제약1우,1,50
1893,고스트스튜디오,1,50
1894,엔케이물산,1,50
1895,무림P&P,1,48
1896,인스피언,1,45
1897,앤로보틱스,1,45
1898,삼양홀딩스,1,45
1899,아모센스,1,44
1900,SNT홀딩스,1,44
1901,엘케이켐,1,43
1902,AP시스템,1,41
1903,원일티엔아이,1,41
1904,율호,1,40
1905,헥토파이낸셜,1,40
1906,인포뱅크,1,40
1907,대정화금,1,40
1908,NC,1,40
1909,엠에프씨,1,40
1910,사조산업,1,40
1911,에브리봇,1,40
1912,쎄트렉아이,1,39
1913,조광피혁,1,37
1914,세아제강지주,1,37
1915,흥국화재,1,37
1916,세종텔레콤,1,36
1917,애니플러스,1,34
1918,한국화장품제조,1,34
1919,지티지웰니스,1,34
1920,한진칼우,1,33
1921,솔트웨어,1,32
1922,라온시큐어,1,32
1923,하이소닉,1,31
1924,레이저옵텍,1,30
1925,빛샘전자,1,30
1926,피에스텍,1,30
1927,아모텍,1,30
1928,매커스,1,30
1929,위즈코프,1,29
1930,국보디자인,1,28
1931,제우스,1,27
1932,동원F&B,1,27
1933,쿠쿠홈시스,1,26
1934,에이디칩스,1,25
1935,대한과학,1,25
1936,CS홀딩스,1,24
1937,케이엔제이,1,23
1938,쏘카,1,22
1939,피씨엘,1,22
1940,쿠쿠홀딩스,1,22
1941,자이글,1,21
1942,삼화페인트,1,21
1943,노루페인트우,1,21
1944,성우테크론,1,20
1945,코세스,1,20
1946,롯데칠성,1,20
1947,서플러스글로벌,1,20
1948,서흥,1,20
1949,플라즈맵,1,20
1950,세기상사,1,20
1951,두산2우B,1,20
1952,샘표,1,20
1953,대덕1우,1,20
1954,지놈앤컴퍼니,1,20
1955,삼강엠앤티,1,20
1956,대성산업,1,20
1957,녹십자웰빙,1,20
1958,솔루스첨단소재2우B,1,20
1959,넥스트바이오메디컬,1,18
1960,대신정보통신,1,18
1961,깨끗한나라,1,18
1962,데일리블록체인,1,17
1963,나무가,1,16
1964,한켐,1,16
1965,이노테크,1,16
1966,소프트캠프,1,15
1967,가온전선,1,15
1968,엔에프씨,1,15
1969,KCC건설,1,15
1970,부국증권우,1,15
1971,예스24,1,15
1972,지니너스,1,15
1973,한국피아이엠,1,15
1974,원방테크,1,15
1975,롯데칠성우,1,14
1976,큐로,1,14
1977,유수홀딩스,1,14
1978,아이톡시,1,14
1979,소리바다,1,14
1980,옵티팜,1,14
1981,우리산업,1,14
1982,이크레더블,1,13
1983,액션스퀘어,1,13
1984,뉴온,1,12
1985,남해화학,1,12
1986,에르코스,1,12
1987,CNT85,1,12
1988,성호전자,1,12
1989,코웰패션,1,12
1990,이트론,1,11
1991,에스앤더블류,1,11
1992,데이타솔루션,1,10
1993,한국쉘석유,1,10
1994,노루홀딩스우,1,10
1995,아이스크림미디어,1,10
1996,청담글로벌,1,10
1997,상지건설,1,10
1998,써니전자,1,10
1999,동인기연,1,10
2000,동양이엔피,1,10
2001,인터플렉스,1,10
2002,참엔지니어링,1,10
2003,레이언스,1,10
2004,IBKS제24호스팩,1,10
2005,SK증권제11호스팩,1,10
2006,유유제약,1,10
2007,시공테크,1,10
2008,동성제약,1,10
2009,코리아에프티,1,10
2010,쌍방울,1,10
2011,한국기업평가,1,10
2012,브레인즈컴퍼니,1,10
2013,바이오포트,1,10
2014,메타케어,1,10
2015,빛과전자,1,10
2016,태경케미컬,1,10
2017,세우글로벌,1,10
2018,큐에스아이,1,10
2019,블리츠웨이엔터테인먼트,1,10
2020,삼보판지,1,10
2021,솔고바이오,1,10
2022,나이벡,1,10
2023,기아차,1,9
2024,앤씨앤,1,9
2025,하나머티리얼즈,1,9
2026,하나30호스팩,1,9
2027,BGF리테일,1,9
2028,현대에너지솔루션,1,8
2029,하나31호스팩,1,8
2030,카스,1,8
2031,미원화학,1,8
2032,SKAI,1,8
2033,세아제강,1,7
2034,폰드그룹,1,7
2035,데이원컴퍼니,1,7
2036,벡트,1,7
2037,엑세스바이오,1,7
2038,모비릭스,1,7
2039,해성디에스,1,7
2040,NHN한국사이버결제,1,7
2041,에이팩트,1,7
2042,삐아,1,6
2043,산돌,1,6
2044,신세계I&C,1,6
2045,한국맥널티,1,6
2046,아스플로,1,6
2047,이화전기,1,5
2048,유비온,1,5
2049,이글벳,1,5
2050,제이스텍,1,5
2051,지디,1,5
2052,천일고속,1,5
2053,더즌,1,5
2054,LB인베스트먼트,1,5
2055,래몽래인,1,5
2056,세중,1,5
2057,유화증권,1,5
2058,더블유게임즈,1,4
2059,오킨스전자,1,4
2060,동국생명과학,1,4
2061,삼미금속,1,4
2062,미래에셋비전스팩5호,1,4
2063,파로스아이바이오,1,4
2064,삼진,1,4
2065,DH오토넥스,1,4
2066,깨끗한나라우,1,4
2067,신한제12호스팩,1,4
2068,한국제15호스팩,1,4
2069,더코디,1,4
2070,크라운제과,1,4
2071,태영건설,1,4
2072,대림산업,1,4
2073,인화정공,1,4
2074,삼성화재해상보험,1,4
2075,국보,1,3
2076,제이에스링크,1,3
2077,흥구석유,1,3
2078,에어부산,1,3
2079,뉴키즈온,1,3
2080,모티브링크,1,3
2081,CJ바이오사이언스,1,3
2082,에코아이,1,3
2083,SK디스커버리우,1,3
2084,티에스이,1,3
2085,디티앤씨,1,3
2086,씨이랩,1,3
2087,우듬지팜,1,3
2088,디에이치엑스컴퍼니,1,2
2089,KCC,1,2
2090,세니젠,1,2
2091,부스타,1,2
2092,덕산하이메탈,1,2
2093,제닉,1,2
2094,에스텍,1,2
2095,유성기업,1,2
2096,세나테크놀로지,1,2
2097,아바텍,1,2
2098,티엠씨,1,2
2099,시큐센,1,2
2100,씨케이솔루션,1,2
2101,엠게임,1,2
2102,풍원정밀,1,2
2103,에스와이,1,2
2104,엑스페릭스,1,2
2105,소노스퀘어,1,2
2106,엔시스,1,1
2107,큐캐피탈,1,1
2108,HLB바이오스텝,1,1
2109,중앙에너비스,1,1
2110,현대코퍼레이션,1,1
2111,제이엠티,1,1
2112,CJ프레시웨이,1,1
2113,형지글로벌,1,1
2114,세림B&G,1,1
2115,IPARK현대산업개발,1,1
2116,디케이티,1,1
2117,비츠로넥스텍,1,1
2118,태양금속,1,1
2119,대양전기공업,1,1
2120,동일고무벨트,1,1
2121,갤럭시아에스엠,1,1
2122,현대상선,1,1
2123,오가닉티코스메틱,1,1
2124,오로라,1,1
2125,펨트론,1,1
2126,HB인베스트먼트,1,1
2127,금양그린파워,1,1
2128,다원넥스뷰,1,1
2129,모니터랩,1,1
2130,쎄크,1,1
2131,덕신이피씨,1,1
2132,포톤,1,1
2133,리센스메디컬,1,1
2134,서울식품공업,1,1
2135,지엔코,1,1
2136,쎄노텍,1,1
2137,윈스,1,1
2138,제일테크노스,1,1
2139,삼익악기,1,1
2140,휴비츠,1,1
2141,아모그린텍,1,1
2142,삼영에스앤씨,1,1
2143,아모레G3우(전환),1,1
